iter	Accuracy	Logloss
0	0.7764423077	0.683061333811	0.7771291209	0.673987677422	0.7764423077	0.665334761633	0.7764423077	0.657049618244	0.7764423077	0.648794528755	0.7767857143	0.641171461666	0.7915521978	0.6333569317	7	0.7984203297	0.626442178	08	0.7963598901	0.619881289	09	0.7967032967	0.6132705410	10	0.7977335165	0.6068914511	11	0.799793956	0.601015612	012	0.7987637363	0.595262613	013	0.7991071429	0.589978714	014	0.8001373626	0.584610415	015	0.7991071429	0.579910716	016	0.8001373626	0.57525817	0.17	0.8004807692	0.57105518	0.18	0.7994505495	0.5668619	0.819	0.799793956	0.56313520	0.20	0.7994505495	0.55937421	0.21	0.7970467033	0.55617622	0.22	0.7970467033	0.55284823	023	0.7956730769	0.549657624	024	0.7956730769	0.546651625	25	0.7960164835	0.543643142626	0.7956730769	0.5410378312727	0.7977335165	0.538173297228	0.7960164835	0.5363402369229	0.7963598901	0.5337646008330	0.7967032967	0.5316747723131	0.7960164835	0.5290199543232	0.7956730769	0.5265854883333	0.7967032967	0.524222056334	0.7963598901	0.522041773535	0.7956730769	0.5206186703636	0.7956730769	0.5191843533737	0.7956730769	0.5174594293
40764
